Id,Name,Email,DeptId,DateOfBirth
1,Kin,ktwopenny0@hibu.com,1,11/22/1995
2,Mattias,mcrosston1@meetup.com,1,04/15/1990
3,Gregor,gburch2@hexun.com,2,02/11/1997
4,Mark,maimable3@ifeng.com,2,11/14/1998
5,Marta,mhilldrup4@moonfruit.com,2,10/09/1997
6,Martynne,mkiellor5@buzzfeed.com,2,06/01/1997
7,Ashleigh,amethringham6@usgs.gov,2,04/07/1994
8,Kaleena,kscipsey7@netlog.com,2,07/06/1995
9,Aubrette,aagastina8@storify.com,3,02/25/1999
10,Ephrayim,egrowcock9@gravatar.com,3,11/30/1994
11,Torre,tgregorowicza@google.it,2,07/15/1995
12,Angelica,awadlyb@engadget.com,3,12/15/1990
13,Zelig,zdanielsenc@youtube.com,1,09/30/1998
14,Gizela,ghardwidged@google.it,3,09/03/1996
15,Arlene,agremaine@github.io,1,09/07/1995
16,Brooke,bdraytonf@narod.ru,2,06/02/1999
17,Sheri,srollingsg@aol.com,3,06/26/1992
18,Konstanze,ktumilsonh@tmall.com,3,08/23/1993
19,Tann,tmoati@irs.gov,2,05/15/1994
20,Kippy,kmorenaj@craigslist.org,2,01/25/1994
21,Grannie,gmussok@liveinternet.ru,3,01/21/1991
22,Luis,lblasil@hibu.com,1,08/22/1992
23,Katy,kcawoodm@salon.com,2,10/22/1992
24,Isa,inutbeemn@tamu.edu,1,07/13/1997
25,Sunshine,stomasicchioo@stumbleupon.com,3,08/17/1998
26,Miner,mromainesp@fda.gov,2,10/19/1990
27,Dean,dcreginq@deliciousdays.com,1,11/09/1990
28,Alair,adarceyr@state.gov,1,01/14/1994
29,Baudoin,bbeldersons@google.com.au,2,08/29/1995
30,Guendolen,gnannizzit@pagesperso-orange.fr,2,01/15/1995
31,Friedrich,ffellu@loc.gov,1,06/12/1999
32,Daphne,dgoodhandv@friendfeed.com,2,02/14/1999
33,Jodi,jbockingsw@sina.com.cn,3,04/29/1996
34,Celeste,cmacgiollapheadairx@un.org,1,12/27/1991
35,Rubie,rdykay@alibaba.com,1,02/23/1999
36,Gerald,gathyz@ask.com,3,12/09/1997
37,Chryste,cbainbridge10@mysql.com,1,07/25/1998
38,Jeana,jbywaters11@reverbnation.com,3,06/01/1993
39,Iain,iguerro12@telegraph.co.uk,3,10/31/1993
40,Chadd,cduiguid13@redcross.org,2,12/06/1990
41,Gilberto,gstevings14@ftc.gov,3,04/17/1990
42,Florette,faverill15@cdbaby.com,3,07/08/1995
43,Gipsy,ghammerich16@goo.gl,2,09/10/1992
44,Joell,jlunbech17@google.de,1,11/06/1997
45,Bruno,bburhill18@nytimes.com,1,04/22/1999
46,Trenton,tpantridge19@europa.eu,2,06/22/1991
47,Avram,auccelli1a@jigsy.com,3,07/17/1996
48,Orella,ogullifant1b@senate.gov,3,08/05/1994
49,Garik,gbutchart1c@trellian.com,1,07/26/1994
50,Benoite,bouterbridge1d@surveymonkey.com,3,05/30/1997
51,Robenia,raartsen1e@mapy.cz,3,08/07/1998
52,Chet,cpossel1f@washington.edu,3,04/06/1996
53,Simmonds,selphey1g@mlb.com,1,05/21/1993
54,Oran,ohayhow1h@phoca.cz,2,12/19/1995
55,Barris,bchelnam1i@google.co.jp,3,07/11/1991
56,Kalvin,kmithon1j@bandcamp.com,2,11/01/1993
57,Jerrome,jlamplugh1k@umn.edu,1,05/29/1997
58,Eddie,edambrosi1l@epa.gov,2,08/08/1998
59,Weidar,wwhitechurch1m@ted.com,3,11/11/1998
60,Robinett,rarsmith1n@umich.edu,3,06/26/1998
61,Jud,jforseith1o@xinhuanet.com,3,10/01/1997
62,Gertrudis,gconechie1p@msu.edu,2,06/14/1990
63,Sarette,sstarrs1q@etsy.com,3,01/09/1997
64,Sanders,sbenoiton1r@boston.com,2,06/02/1990
65,Gabbi,gsuttie1s@jigsy.com,1,03/21/1999
66,Perla,pburdytt1t@ameblo.jp,2,08/22/1991
67,Birk,bfeehely1u@shareasale.com,1,01/09/1994
68,Ephrayim,ebagot1v@soup.io,1,03/27/1997
69,Far,fcabrara1w@answers.com,3,02/13/1998
70,Trudi,tfeeley1x@tripadvisor.com,2,07/02/1996
71,Allie,aospellissey1y@ft.com,1,06/29/1995
72,Olag,osanson1z@springer.com,2,10/29/1998
73,Carroll,crakestraw20@lycos.com,1,08/14/1995
74,Velma,vfairham21@ftc.gov,2,06/01/1990
75,Marian,mrook22@fastcompany.com,2,07/26/1991
76,Lee,lhagyard23@blog.com,3,08/15/1991
77,Wildon,wvanderbrugge24@jiathis.com,3,03/23/1996
78,Anissa,asurgeoner25@discovery.com,2,09/21/1990
79,Pepillo,pkeneleyside26@surveymonkey.com,2,08/06/1996
80,Bernelle,btwinn27@nifty.com,2,11/04/1991
81,Rayna,rbaybutt28@census.gov,1,02/13/1998
82,Enriqueta,epitrelli29@bloglines.com,3,03/18/1991
83,Sandra,squye2a@bbb.org,1,05/14/1998
84,Willis,wpaolozzi2b@google.nl,3,06/18/1992
85,Griffith,gchristiensen2c@senate.gov,1,10/27/1992
86,Rebeca,rlawleff2d@163.com,3,09/16/1998
87,Sheppard,selvidge2e@cdbaby.com,3,10/15/1990
88,Bax,bdoghartie2f@noaa.gov,3,02/22/1996
89,Tova,tokenden2g@nifty.com,2,04/12/1996
90,Bird,bvoce2h@wsj.com,3,08/29/1998
91,Gaile,gdebrett2i@imageshack.us,1,10/02/1995
92,Ambrose,amcnaughton2j@msu.edu,2,07/30/1998
93,Brandtr,bcritchell2k@shop-pro.jp,3,08/18/1991
94,Nester,nscamadine2l@unblog.fr,3,06/04/1997
95,Latashia,ltouson2m@time.com,1,06/20/1993
96,Jean,jsamways2n@zdnet.com,1,06/30/1993
97,Tory,tallardyce2o@nps.gov,3,05/24/1997
98,Vanny,vpickerell2p@deviantart.com,1,11/24/1990
99,Jaclin,jmcwhannel2q@reuters.com,3,02/25/1991
100,Sonny,srau2r@ca.gov,3,07/06/1999
101,Karlan,kescalero2s@theglobeandmail.com,2,08/13/1998
102,Eduard,emoulsdall2t@godaddy.com,2,04/19/1994
103,Jason,jelsey2u@sciencedirect.com,3,03/12/1998
104,Ilario,iharroll2v@nyu.edu,3,03/18/1991
105,Luz,lnutley2w@vkontakte.ru,3,10/26/1996
106,Ellette,ebulger2x@telegraph.co.uk,3,10/26/1994
107,Ruttger,rkopelman2y@blogspot.com,3,12/27/1990
108,Wheeler,wpatroni2z@about.com,2,08/06/1996
109,Evelina,emargach30@eventbrite.com,3,08/10/1993
110,Emlyn,evannoort31@jigsy.com,2,11/11/1998
111,Benito,bgieves32@cbc.ca,3,09/11/1990
112,Becka,bspeke33@gmpg.org,3,08/09/1997
113,Julio,jpengelly34@imdb.com,1,01/03/1996
114,Madella,mgierhard35@usa.gov,2,03/04/1996
115,Britney,bdemetr36@ft.com,1,03/03/1993
116,Royall,rboame37@apple.com,2,12/28/1995
117,Sandy,sjacqueme38@typepad.com,1,11/16/1998
118,Leone,lblinkhorn39@mit.edu,1,08/17/1991
119,Ara,alabeuil3a@sohu.com,1,12/16/1994
120,Belvia,broarty3b@people.com.cn,2,12/31/1990
121,Netta,nlambrechts3c@prlog.org,2,09/24/1994
122,Karin,kkalkofer3d@xing.com,2,06/19/1999
123,Jacinthe,jboothe3e@unesco.org,1,06/03/1992
124,Abe,abumpus3f@ebay.co.uk,3,04/25/1995
125,Graig,godoghesty3g@paginegialle.it,1,12/17/1995
126,Jody,jrosnau3h@jiathis.com,3,03/27/1994
127,Monty,mmccloud3i@scribd.com,2,08/15/1995
128,Sinclare,sledford3j@reuters.com,2,10/23/1991
129,Lucine,lmindenhall3k@icio.us,3,12/11/1992
130,Tonya,tcawse3l@ed.gov,2,03/08/1993
131,Cairistiona,clucchi3m@naver.com,3,05/02/1998
132,Kristi,kbraitling3n@foxnews.com,2,05/23/1997
133,Brittne,btoten3o@unicef.org,2,04/27/1999
134,Linell,lhanham3p@tripod.com,3,01/10/1994
135,Henka,hciciotti3q@123-reg.co.uk,2,07/05/1995
136,Clarance,ctolossi3r@xrea.com,2,07/20/1990
137,Graeme,gtheakston3s@mapquest.com,1,11/09/1998
138,Collete,caherne3t@yolasite.com,1,03/17/1991
139,Holt,hmanser3u@samsung.com,1,11/18/1997
140,Rube,rkrale3v@ocn.ne.jp,3,04/15/1995
141,Sissy,scrawforth3w@rediff.com,2,03/09/1993
142,Leonhard,larnal3x@scribd.com,2,07/27/1999
143,Micki,mcheak3y@list-manage.com,1,09/10/1996
144,Moreen,mschimpke3z@nytimes.com,3,11/02/1995
145,Madalena,mshiels40@cnet.com,2,07/10/1998
146,Benton,bkeitley41@twitter.com,1,10/24/1998
147,Tonnie,tthornebarrow42@oakley.com,2,02/01/1994
148,Obidiah,ogeator43@ox.ac.uk,3,01/21/1998
149,Jacinthe,jricardo44@photobucket.com,2,12/13/1992
150,Karie,kfolli45@amazon.com,3,04/04/1997
151,Leicester,lsailes46@harvard.edu,1,09/01/1997
152,Danila,dsamuels47@goo.ne.jp,2,03/05/1994
153,Shir,smebes48@typepad.com,2,11/04/1990
154,Donaugh,dbullene49@squarespace.com,2,04/15/1992
155,Augustus,aniven4a@github.com,1,12/13/1997
156,Patsy,pwaind4b@berkeley.edu,2,05/03/1993
157,Minne,mserrels4c@sohu.com,2,05/01/1990
158,Lira,lriddall4d@fotki.com,2,11/17/1990
159,Bron,bcolten4e@facebook.com,2,01/07/1996
160,Karin,kcaldairou4f@printfriendly.com,1,01/06/1994
161,Job,jkuhnhardt4g@boston.com,3,10/06/1998
162,Gus,gsavill4h@sfgate.com,3,03/07/1998
163,Nanny,nderl4i@phoca.cz,1,05/19/1991
164,Osmond,otimothy4j@163.com,2,03/14/1999
165,Raina,rhairesnape4k@wikia.com,3,12/31/1999
166,Sarajane,sgilks4l@last.fm,1,06/13/1999
167,Burton,bbloom4m@mashable.com,2,12/15/1997
168,Stevana,shabeshaw4n@weebly.com,3,10/16/1992
169,Velvet,vmager4o@nih.gov,2,09/23/1994
170,Bron,bveltman4p@adobe.com,1,11/09/1990
171,Estrella,erostern4q@netvibes.com,1,06/30/1993
172,Natale,nokroy4r@wired.com,2,08/21/1998
173,Tressa,tauden4s@naver.com,2,08/22/1995
174,Keen,kposer4t@washingtonpost.com,1,04/20/1998
175,Elbert,epressman4u@gmpg.org,3,04/07/1996
176,Fancie,fcarlos4v@cocolog-nifty.com,3,12/15/1993
177,Margit,mcescoti4w@merriam-webster.com,2,08/07/1990
178,Florinda,fscollan4x@latimes.com,3,11/02/1995
179,Sophie,stenbroek4y@facebook.com,3,08/20/1998
180,Carlina,cpashbee4z@nsw.gov.au,2,07/25/1995
181,Nevil,ndenizet50@webmd.com,1,06/07/1990
182,Regina,rarkill51@smugmug.com,3,11/14/1991
183,Morgan,mbullivent52@usnews.com,3,07/13/1998
184,Adora,ahariot53@narod.ru,1,01/14/1997
185,Neal,ndowdney54@gmpg.org,1,04/27/1998
186,Alisun,aglaze55@independent.co.uk,3,09/21/1997
187,Matty,mpecht56@addthis.com,2,06/13/1993
188,Kirstyn,kgilardone57@forbes.com,2,10/16/1998
189,Alvie,acharville58@bbb.org,2,12/19/1991
190,Stuart,sprall59@macromedia.com,3,09/15/1990
191,Yves,ydudson5a@ibm.com,3,05/14/1996
192,Gray,ghucklesby5b@shutterfly.com,1,02/01/1993
193,Karney,kanthony5c@army.mil,3,08/17/1995
194,Levi,lbyre5d@is.gd,1,09/01/1994
195,Rawley,rdallman5e@hostgator.com,1,01/07/1999
196,Mira,mlindell5f@last.fm,1,05/10/1992
197,Phebe,pleach5g@tinyurl.com,2,09/09/1993
198,Christie,chuglin5h@dot.gov,3,04/06/1996
199,Hewet,hvannoort5i@xing.com,2,10/15/1994
200,Nigel,nrowena5j@loc.gov,1,09/20/1998
201,Flory,fchotty5k@newsvine.com,3,05/10/1997
202,Frederica,fbisacre5l@51.la,2,02/17/1994
203,Zondra,zmitkov5m@ucla.edu,2,01/04/1997
204,Gavan,gbomb5n@cnet.com,1,09/20/1991
205,Caty,cguildford5o@blog.com,2,05/24/1990
206,Kliment,kegdell5p@skype.com,3,11/05/1999
207,Reider,rcleyburn5q@wp.com,2,10/08/1999
208,Ulrich,ucullen5r@salon.com,3,11/28/1991
209,Rusty,rpawelec5s@hud.gov,3,04/01/1991
210,Kaspar,kcaveill5t@europa.eu,2,01/23/1994
211,Sheppard,skearley5u@uol.com.br,1,04/22/1995
212,Sayre,spattenden5v@businesswire.com,2,01/09/1992
213,Avictor,abattershall5w@bloomberg.com,3,12/08/1993
214,Elmer,eparkman5x@dagondesign.com,1,06/12/1997
215,Rae,rsleight5y@who.int,2,10/05/1990
216,Ody,oedgeler5z@buzzfeed.com,2,09/02/1992
217,Malia,mmcsorley60@kickstarter.com,2,11/28/1991
218,Denyse,dhoudmont61@ehow.com,1,10/05/1998
219,Antonin,acattrall62@photobucket.com,1,07/10/1998
220,Xenia,xfortnon63@prweb.com,2,04/11/1992
221,Ivett,ijedrzejewski64@omniture.com,2,05/15/1999
222,Kort,kjarritt65@springer.com,1,12/07/1992
223,Aili,amcquillan66@infoseek.co.jp,2,05/12/1998
224,Constantina,chollyland67@sakura.ne.jp,1,05/09/1998
225,Daisy,dgeddis68@netscape.com,1,05/05/1995
226,Melicent,mdavies69@zdnet.com,3,10/02/1993
227,Cammy,cstanford6a@mozilla.org,1,04/07/1997
228,Olag,ocamus6b@spotify.com,3,07/11/1994
229,Britteny,bflintiff6c@t.co,2,10/19/1992
230,Mikey,mmccarty6d@nih.gov,3,04/22/1993
231,Cody,cebbutt6e@symantec.com,2,02/05/2000
232,Lexy,lharbertson6f@g.co,3,01/10/1994
233,Grayce,gstribbling6g@engadget.com,2,11/10/1995
234,Charmian,cgoulding6h@imdb.com,2,03/14/1998
235,Lia,lmongin6i@nyu.edu,2,10/17/1996
236,Anthiathia,aheisler6j@unblog.fr,3,04/06/1998
237,Terrence,tminors6k@etsy.com,3,01/28/1996
238,Garvin,gvercruysse6l@timesonline.co.uk,2,09/05/1999
239,Brockie,bjesper6m@senate.gov,2,10/25/1995
240,Lishe,lbernhardi6n@fc2.com,2,10/30/1990
241,Silvanus,slawrenz6o@goo.ne.jp,1,06/17/1996
242,Farica,fmadine6p@technorati.com,2,09/02/1993
243,Sheryl,szanini6q@miibeian.gov.cn,2,10/21/1998
244,Merle,mlendon6r@sohu.com,1,12/04/1994
245,Rosita,rheady6s@studiopress.com,3,06/05/1991
246,Ediva,eeidelman6t@princeton.edu,2,04/12/1995
247,Brita,bwakelin6u@privacy.gov.au,3,09/07/1998
248,Lazarus,ltinn6v@example.com,2,01/09/1991
249,Barbabas,bbutson6w@smh.com.au,2,03/14/1997
250,Rora,rbatho6x@jigsy.com,3,05/20/1996
251,Nealon,nbranca6y@census.gov,2,02/23/1998
252,Barbe,bholme6z@pcworld.com,1,04/03/1996
253,Stavros,slickorish70@domainmarket.com,3,01/16/1992
254,Elladine,ebrownrigg71@hao123.com,1,05/15/1995
255,Sheilah,sambrozewicz72@wordpress.org,3,05/08/1998
256,Angelia,aclampin73@amazon.com,3,04/24/1990
257,Doroteya,dblooman74@symantec.com,3,08/22/1992
258,Erina,ebatrim75@webs.com,3,03/03/1995
259,Eveleen,epedwell76@hexun.com,1,08/31/1991
260,Maryjane,mbruhnsen77@com.com,1,05/08/1991
261,Andromache,agatman78@shop-pro.jp,1,10/26/1995
262,Elvira,eramlot79@tinyurl.com,1,06/06/1996
263,Keefe,kfiggins7a@nbcnews.com,3,12/19/1999
264,Celeste,cvolcker7b@earthlink.net,1,05/05/1999
265,Westley,wcasacchia7c@scientificamerican.com,3,11/04/1994
266,Ambrosi,apidgeley7d@amazon.de,3,10/21/1997
267,Nerita,nstawell7e@indiegogo.com,1,08/09/1999
268,Berri,bdarell7f@tripod.com,3,09/26/1991
269,Taddeo,tstepney7g@wiley.com,2,03/08/1992
270,Loreen,lbemlott7h@yahoo.co.jp,3,01/16/1991
271,Riane,rvasilyonok7i@miibeian.gov.cn,1,06/10/1996
272,Pasquale,pgreatbach7j@ft.com,3,12/27/1995
273,Shelbi,ssleep7k@ehow.com,2,11/17/1992
274,Quentin,qrosenbush7l@wired.com,1,03/20/1991
275,Denise,ddarinton7m@earthlink.net,3,02/18/1997
276,Roosevelt,rlujan7n@chronoengine.com,2,11/29/1991
277,Nat,ntellwright7o@baidu.com,2,06/06/1992
278,Cyrus,clocock7p@ezinearticles.com,1,10/25/1991
279,Darrelle,dcahill7q@comcast.net,1,10/22/1999
280,Viola,vsloane7r@howstuffworks.com,1,03/16/1991
281,Carma,cfragino7s@is.gd,1,05/03/1990
282,Issiah,ipoynser7t@columbia.edu,1,08/14/1999
283,Micheal,mfantin7u@flickr.com,1,04/21/1997
284,Robenia,rdogg7v@slate.com,3,11/24/1994
285,Pren,pbeddin7w@upenn.edu,1,01/12/1991
286,Chane,clittleton7x@foxnews.com,1,08/11/1999
287,Nicoli,ngoldring7y@nba.com,2,03/09/1992
288,Marysa,mhrinishin7z@edublogs.org,2,05/13/1996
289,Jarib,jmudd80@istockphoto.com,1,01/12/1994
290,Viole,vdowderswell81@buzzfeed.com,2,08/09/1997
291,Jeanette,jhannaford82@hao123.com,2,12/01/1996
292,Mickie,mlabbet83@independent.co.uk,2,12/21/1998
293,Seth,ssandeland84@pbs.org,2,06/07/1996
294,Stephan,slopez85@sogou.com,3,07/05/1998
295,Hesther,hdaymond86@blogspot.com,2,05/25/1999
296,Elfrieda,ekinkaid87@youtu.be,2,10/08/1995
297,Hale,hphilbin88@cbslocal.com,3,03/06/1999
298,Koralle,kmar89@wikipedia.org,1,10/09/1993
299,Kittie,kanderl8a@friendfeed.com,3,09/24/1996
300,Helena,hscullion8b@nationalgeographic.com,1,08/31/1997
301,Carie,cfielden8c@mysql.com,2,04/01/1990
302,Micaela,maimer8d@i2i.jp,3,09/02/1994
303,Phillipe,pstollard8e@vk.com,2,08/06/1998
304,Alasdair,aticksall8f@yahoo.co.jp,3,06/07/1992
305,Timofei,tlapwood8g@geocities.jp,1,02/26/1996
306,Denys,dvaney8h@economist.com,1,06/15/1999
307,Dorena,dmeffin8i@newsvine.com,3,06/12/1999
308,Arlee,astock8j@diigo.com,3,03/14/1990
309,Minerva,mwiggam8k@harvard.edu,3,07/18/1998
310,Tiphanie,tgregson8l@jimdo.com,2,06/03/1999
311,Matt,mvernalls8m@slashdot.org,3,02/23/1997
312,Fernandina,fcoslitt8n@comcast.net,1,12/09/1992
313,Winfred,wrosenboim8o@youtu.be,2,07/23/1993
314,Christean,cbenallack8p@behance.net,1,04/22/1999
315,Tripp,twaterworth8q@epa.gov,1,06/07/1999
316,Jonah,jspiteri8r@unc.edu,1,04/02/1993
317,Gusella,gwolfe8s@mayoclinic.com,3,02/01/1998
318,Kaitlynn,kferrario8t@biglobe.ne.jp,2,04/20/1991
319,Fae,fgreenstead8u@umn.edu,2,06/21/1991
320,Gloriane,geschalotte8v@wikipedia.org,3,10/16/1993
321,Noelyn,ntant8w@ucsd.edu,1,02/02/1993
322,Hedvig,hgirdwood8x@who.int,2,08/23/1997
323,Pierce,pcurror8y@slate.com,1,05/31/1995
324,Clair,cmarcome8z@buzzfeed.com,2,06/02/1994
325,Annamaria,arobjohns90@cyberchimps.com,3,04/16/1993
326,Tamera,tcheshir91@people.com.cn,2,05/01/1998
327,Gustaf,gzanre92@cafepress.com,1,03/09/1992
328,Alecia,asheard93@aboutads.info,2,11/09/1995
329,Cyrus,ccuttelar94@wikipedia.org,1,03/01/1996
330,Darryl,drotter95@soundcloud.com,1,12/26/1992
331,Nelle,nrobet96@alibaba.com,2,06/10/1990
332,Mikol,mbompass97@bandcamp.com,3,05/09/1994
333,Arluene,amcgeorge98@livejournal.com,1,02/24/1998
334,Cyrille,ctremollet99@paypal.com,2,10/05/1995
335,Raf,rblanshard9a@drupal.org,2,12/16/1994
336,Nicolai,nrawlingson9b@list-manage.com,3,11/30/1994
337,Ash,adesson9c@mac.com,2,07/08/1999
338,Dulcine,dsayse9d@apple.com,2,03/14/1994
339,Antonie,ahearnah9e@google.com.br,2,12/24/1992
340,Dori,ddawidowitz9f@ustream.tv,2,12/12/1990
341,Therese,tbaggot9g@friendfeed.com,1,02/02/1999
342,Veronica,vfaustin9h@cdbaby.com,2,05/23/1990
343,Priscilla,pravel9i@storify.com,1,05/28/1995
344,Bev,barrington9j@engadget.com,2,04/24/1992
345,Suzie,scaesmans9k@statcounter.com,2,03/13/1999
346,Gussie,gableson9l@examiner.com,2,01/13/1995
347,Pepito,pferronier9m@aboutads.info,1,07/03/1997
348,Friedrich,fcoghlin9n@weebly.com,1,08/07/1997
349,Shea,sbeake9o@flavors.me,1,08/23/1993
350,Damara,dlethcoe9p@w3.org,2,05/08/1993
351,Wenonah,wkielt9q@indiegogo.com,1,01/17/1994
352,Jayme,jvaux9r@netlog.com,2,08/26/1991
353,Edan,epuckrin9s@edublogs.org,1,07/16/1994
354,Vail,vbryant9t@cocolog-nifty.com,1,11/20/1994
355,Carmella,cwillmer9u@cbslocal.com,2,04/10/1990
356,Farlie,fbaber9v@princeton.edu,1,12/27/1994
357,Cherry,cscholefield9w@hao123.com,1,04/29/1993
358,Valencia,vfassman9x@sogou.com,3,04/11/1990
359,Paulo,pcasoni9y@g.co,2,02/04/1993
360,Lane,lewbanks9z@rediff.com,2,02/27/1997
361,Ariella,acumbesa0@hostgator.com,2,04/06/1998
362,Jordana,jbavridgea1@hhs.gov,3,11/23/1990
363,Ynez,ydibdena2@nba.com,1,12/20/1990
364,Daphna,dsellanda3@ca.gov,2,01/30/1996
365,Robby,rlalleya4@xrea.com,2,11/21/1999
366,Kimball,kfeatenbya5@skype.com,3,08/24/1995
367,Sacha,sgathercolea6@dropbox.com,2,01/28/1999
368,Noel,ncollishawa7@shutterfly.com,2,08/08/1994
369,Quinn,qbwya8@booking.com,2,05/24/1994
370,Willey,wstowtea9@multiply.com,3,05/07/1992
371,Wallie,wcelandaa@squidoo.com,3,01/23/1996
372,Regan,rtrickeyab@mtv.com,3,02/17/2000
373,Dorree,deingerfieldac@answers.com,1,12/21/1994
374,Chad,cfittonad@spiegel.de,2,11/03/1991
375,Hamilton,hmouginae@homestead.com,3,09/14/1998
376,Brucie,bbirchenoughaf@alexa.com,2,09/28/1993
377,Garrott,galdrittag@w3.org,1,07/15/1994
378,Matthias,mpowterah@godaddy.com,2,11/20/1992
379,Aggi,abeckinghamai@nbcnews.com,2,01/16/1999
380,Chelsy,cethelstonaj@topsy.com,2,02/05/1994
381,Adriana,aodonohueak@chron.com,1,10/21/1995
382,Jory,jdaneletal@hhs.gov,1,05/25/1991
383,Ibby,idawberam@cmu.edu,3,08/24/1990
384,Nariko,nmcroryan@addtoany.com,2,03/17/1994
385,Nate,nritchleyao@shareasale.com,3,10/18/1994
386,Brady,bkinsettap@icq.com,2,04/13/1990
387,Lori,lbracknallaq@comcast.net,3,01/10/1993
388,Ritchie,rhuxsterar@e-recht24.de,2,04/14/1997
389,Jacqui,jberas@typepad.com,3,06/29/1998
390,Lonny,lbinyonat@mac.com,2,01/31/2000
391,Flory,fcosansau@scientificamerican.com,2,01/24/1997
392,Sada,sjuzaav@sbwire.com,2,03/29/1991
393,Guthrey,ghamblinaw@naver.com,2,01/05/1997
394,Korella,krecklessax@sakura.ne.jp,2,03/07/1995
395,Gregorius,geliffay@over-blog.com,2,05/23/1996
396,Colleen,cdonetaz@google.com.br,3,02/26/1997
397,Teodorico,treastb0@blog.com,2,11/01/1990
398,Gail,gmapleb1@deviantart.com,1,02/01/1993
399,Fleur,fchaliceb2@hibu.com,3,07/26/1991
400,Erich,edowdingb3@nbcnews.com,3,10/05/1999
401,Laughton,lhambersb4@wikimedia.org,2,01/13/1993
402,Lyndsay,lortab5@irs.gov,3,03/22/1996
403,Thane,tpostinb6@scientificamerican.com,2,07/12/1991
404,Latrena,lstruthersb7@rambler.ru,1,07/07/1994
405,Ruthanne,ramphlettb8@loc.gov,3,01/01/1991
406,Ricca,ralldreadb9@va.gov,1,08/31/1990
407,Franky,flivzeyba@independent.co.uk,1,09/06/1995
408,Feliks,fjoslinbb@pbs.org,2,03/07/1998
409,Bev,bellbc@chronoengine.com,1,10/30/1998
410,Angele,aschleswigholsteinbd@ustream.tv,1,07/25/1999
411,Syman,scholoninbe@friendfeed.com,3,05/20/1990
412,Justen,jradbonebf@hao123.com,1,11/06/1996
413,Dallas,dporchbg@wix.com,1,01/11/1997
414,Liesa,lmckeefrybh@google.com,3,01/08/1993
415,Pia,pburrybi@bloglovin.com,2,07/15/1992
416,Kevan,khallexbj@google.co.uk,2,05/24/1990
417,Annice,ayukhnevichbk@mediafire.com,1,07/14/1992
418,Gena,ggeevesbl@fc2.com,3,05/22/1996
419,Corilla,csoaresbm@independent.co.uk,1,06/19/1994
420,Ingram,idallinbn@wired.com,1,12/13/1992
421,Sid,sgoochbo@auda.org.au,1,10/16/1991
422,Lisa,lteodorskibp@cmu.edu,1,10/08/1996
423,Kath,kportwainbq@google.com.hk,2,07/05/1990
424,Elbert,elaterzabr@bbc.co.uk,1,02/02/1994
425,Billy,bmarrettbs@apache.org,2,12/25/1990
426,Cassy,chaywardbt@about.com,3,06/26/1991
427,Brantley,bmclagganbu@weebly.com,1,08/27/1990
428,Artair,aandratbv@accuweather.com,3,02/25/1995
429,Fran,fcotterellbw@hp.com,2,10/31/1993
430,Babbie,bbolesbx@4shared.com,1,12/12/1996
431,Madelena,mmesiasby@patch.com,2,05/17/1994
432,Dionis,dheersemabz@go.com,1,03/23/1995
433,Daune,dmcclevertyc0@moonfruit.com,3,06/06/1997
434,Koralle,kkerkhamc1@xinhuanet.com,1,04/29/1992
435,Krystle,kseinc2@nbcnews.com,2,09/03/1991
436,Tristan,ttruslerc3@mozilla.com,3,09/30/1994
437,Cairistiona,csalazarc4@ed.gov,2,12/29/1991
438,Karilynn,kmorandoc5@a8.net,3,06/26/1990
439,Ivy,iruttc6@lulu.com,3,08/07/1993
440,Konstance,khasluckc7@soup.io,3,03/11/1999
441,Frankie,fpossellc8@bbc.co.uk,1,04/17/1993
442,Zorana,zmaybeyc9@berkeley.edu,1,06/08/1995
443,Ryon,rdesboroughca@github.com,1,05/24/1990
444,Elton,efullowaycb@nih.gov,3,02/11/1994
445,Winny,wgooderickcc@xinhuanet.com,2,01/29/1992
446,Skylar,sconticd@wikispaces.com,3,12/25/1998
447,Corissa,ctarbettce@smugmug.com,2,02/26/1995
448,Eberto,egullivancf@java.com,3,01/08/1992
449,Samuele,smacklamcg@cloudflare.com,3,05/10/1992
450,Dougy,ddaybellch@msu.edu,3,12/19/1993
451,Katusha,kparmiterci@ask.com,3,02/07/1991
452,Garrick,gmckeachiecj@examiner.com,2,05/09/1997
453,Bogart,btasselerck@buzzfeed.com,3,11/15/1991
454,Theodosia,tkubatcl@naver.com,2,01/04/1997
455,Alexandros,aodeveycm@newsvine.com,2,05/25/1993
456,Issi,imustincn@nasa.gov,3,04/05/1993
457,Nikolia,ngatchelco@odnoklassniki.ru,3,08/29/1997
458,Sharline,shopkinscp@imageshack.us,3,09/06/1994
459,Joni,jbellinocq@goo.gl,2,07/11/1995
460,Retha,raimercr@blogtalkradio.com,2,12/01/1990
461,Jedediah,jhaytercs@flavors.me,2,12/23/1993
462,Cameron,cdanilchevct@ox.ac.uk,3,11/19/1994
463,Kati,kcroxtoncu@cafepress.com,2,07/23/1995
464,Loleta,ltewkesberriecv@trellian.com,2,07/20/1998
465,Merci,mwilcockescw@reference.com,2,01/17/1998
466,Maynard,mstandoncx@elpais.com,1,01/13/1994
467,Hadley,hsilversmidtcy@mit.edu,1,03/07/1995
468,Alfy,akinnochcz@si.edu,1,03/11/1994
469,Valentine,vpiattid0@latimes.com,1,09/25/1995
470,Augustine,alarwoodd1@alibaba.com,1,08/20/1994
471,Felice,fhuffyd2@ask.com,2,01/14/1999
472,Jarid,jkayserd3@blogger.com,2,03/15/1996
473,Corny,cgiacomuccid4@si.edu,1,08/09/1993
474,Ignacio,icammocked5@lycos.com,2,12/12/1998
475,Lammond,lgoslandd6@house.gov,3,05/09/1994
476,Netty,nsiemandld7@printfriendly.com,1,05/22/1997
477,Rey,rstraffond8@unblog.fr,2,12/28/1992
478,Maddi,mgilchristd9@jiathis.com,2,11/20/1997
479,Martin,mdenacampda@indiegogo.com,3,10/01/1992
480,Loree,lcanodb@ovh.net,3,09/13/1994
481,Nap,nkleinfelddc@aol.com,1,09/28/1995
482,Husein,hdudderidgedd@desdev.cn,1,06/23/1992
483,Alla,aculverhousede@youtube.com,3,05/24/1990
484,Meara,mandrewdf@soup.io,1,04/04/1997
485,Genni,gkirmandg@mtv.com,1,06/03/1997
486,Collen,cdomangedh@elpais.com,2,03/06/1993
487,Bel,bblasidi@nymag.com,1,01/30/1994
488,Chev,cupcottdj@lulu.com,2,07/21/1991
489,Gay,gpetridk@paginegialle.it,1,02/19/1996
490,Corrinne,cpitsalldl@pen.io,2,01/04/1992
491,Ingelbert,idredgedm@example.com,2,12/28/1995
492,Erik,erapsondn@nydailynews.com,3,01/28/2000
493,Cele,crosetdo@blogs.com,1,09/01/1994
494,Trevor,tjurschdp@google.co.jp,2,02/06/1992
495,Katuscha,keastabrookdq@hexun.com,2,09/09/1992
496,Aldus,apagelsendr@cnbc.com,1,07/08/1995
497,Tatiana,tcornwellds@hostgator.com,1,06/11/1992
498,Peterus,pgowerdt@ucsd.edu,3,06/09/1996
499,Hetty,hbertranddu@adobe.com,3,07/17/1994
500,Ansell,aswateridgedv@hostgator.com,1,09/16/1992
501,Timoteo,tcambdendw@hibu.com,2,12/04/1992
502,Salome,shelddx@123-reg.co.uk,1,12/09/1997
503,Tabor,tbackshelldy@unesco.org,3,12/26/1995
504,Laurette,lchinnockdz@ezinearticles.com,3,11/09/1994
505,Nana,ndallane0@netlog.com,3,03/31/1994
506,Dorelia,dmilnese1@prweb.com,2,06/25/1995
507,Florina,fgeekiee2@gmpg.org,1,03/03/1994
508,Mil,mhaversone3@ucla.edu,1,07/07/1991
509,Orelee,opendleberrye4@lulu.com,1,07/20/1997
510,Skipp,squinnelle5@eepurl.com,1,06/01/1992
511,Michael,mbinnalle6@oaic.gov.au,1,04/06/1998
512,Fina,fmacsharrye7@google.es,3,06/29/1993
513,Sashenka,sstockdalee8@toplist.cz,3,06/09/1993
514,Carlita,csimonnete9@guardian.co.uk,2,04/25/1998
515,Jobye,jdwyerea@wordpress.com,2,12/22/1994
516,Shelley,sdavidekeb@ehow.com,1,11/23/1992
517,Gorden,gbreslaneec@alexa.com,3,12/08/1994
518,Florida,fdunthorned@prweb.com,1,04/04/1992
519,Aldric,aspeedyee@blog.com,2,03/30/1995
520,Sallyanne,slancastleef@ask.com,3,04/07/1990
521,Karlie,kluxmooreeg@earthlink.net,1,11/01/1996
522,Grenville,gmcenteeeh@1688.com,1,06/24/1996
523,Cob,ccamackeei@wsj.com,2,04/22/1992
524,Karim,kprugelej@aboutads.info,2,07/01/1996
525,Natal,ngrassek@google.nl,2,03/12/1996
526,Liam,llonerganel@posterous.com,2,05/28/1993
527,Marthena,mdeussem@stumbleupon.com,3,08/02/1996
528,Kele,kaskhamen@youtu.be,3,06/24/1993
529,Mahalia,mrzehorzeo@shinystat.com,2,10/01/1999
530,Christi,cwartonbyep@scribd.com,2,09/23/1991
531,Aloin,atalleteq@360.cn,2,05/27/1997
532,Thor,tearleyer@paypal.com,3,04/07/1992
533,Kienan,kcloughes@uiuc.edu,2,03/01/1993
534,Janeczka,jairdrieet@tinyurl.com,3,04/12/1994
535,Karena,kandreneu@bizjournals.com,2,03/01/1997
536,Hilary,hofihillieev@usgs.gov,1,12/08/1994
537,Angil,asheptonew@hugedomains.com,2,07/27/1997
538,Beniamino,bkeppex@arizona.edu,1,09/12/1990
539,Quinton,qnaperey@dailymotion.com,1,11/20/1999
540,Hewe,hcapaldoez@harvard.edu,3,01/16/2000
541,Kerby,ktotterdillf0@opensource.org,1,03/29/1997
542,Roxie,rpolglazef1@qq.com,3,09/02/1991
543,Tanhya,tcoppenhallf2@forbes.com,1,03/19/1997
544,Alec,aivachyovf3@zdnet.com,1,11/27/1991
545,Avram,apourvoieurf4@twitpic.com,3,07/03/1993
546,Aggi,aligertwoodf5@cbsnews.com,1,02/02/1992
547,Mariann,mclucasf6@amazon.co.jp,1,03/09/1996
548,Zeb,zpetyaninf7@furl.net,2,04/19/1992
549,Farly,fjostf8@sphinn.com,1,12/03/1999
550,Christophe,ckaufmanf9@scribd.com,1,08/30/1991
551,Francene,fcarenfa@google.pl,1,02/03/1991
552,Marthe,mboxfb@about.me,3,10/03/1996
553,Stephani,smoultonfc@unblog.fr,1,04/23/1991
554,Dari,dbeetonfd@hatena.ne.jp,3,02/17/1995
555,Lenard,lschlagtmansfe@alibaba.com,3,05/05/1990
556,Ramonda,rveschiff@networksolutions.com,2,11/15/1990
557,Meade,msolomonidesfg@hostgator.com,1,12/28/1995
558,Dore,dlittefairfh@sciencedirect.com,3,12/31/1991
559,Bonita,brobertetfi@prweb.com,3,11/30/1995
560,Nessie,nrasmusfj@marketwatch.com,3,09/03/1998
561,Rolfe,rlouwfk@adobe.com,3,09/20/1991
562,Vivia,vlabafl@apache.org,3,06/09/1998
563,Nesta,ncheatlefm@indiatimes.com,1,03/24/1995
564,Sissie,sphibbfn@google.cn,3,05/29/1990
565,Drusilla,djordinfo@netscape.com,2,04/27/1996
566,Darsey,dbarlowfp@clickbank.net,1,11/18/1996
567,Zeb,zcondonfq@washington.edu,3,08/28/1996
568,Melony,mdigancefr@addthis.com,2,10/25/1991
569,Tristan,tscotchbrookfs@feedburner.com,3,09/02/1991
570,Deane,dwookeyft@cnn.com,2,10/12/1995
571,Gleda,gsnellefu@vimeo.com,3,11/09/1999
572,Palm,pcarrelfv@theglobeandmail.com,2,03/29/1992
573,Theodor,tlethibridgefw@usa.gov,2,06/18/1991
574,Law,lbullentfx@jugem.jp,2,10/10/1996
575,Modesta,mbafordfy@homestead.com,3,10/22/1990
576,Annelise,arawdallfz@skyrock.com,2,10/03/1991
577,Simone,srisbridgeg0@ted.com,3,07/22/1995
578,Dukie,dmarshalleckg1@sbwire.com,3,09/23/1993
579,Damara,dgetleyg2@rediff.com,1,06/11/1993
580,Terrill,tbentermang3@live.com,1,03/22/1999
581,Engracia,eafieldg4@drupal.org,3,03/09/1990
582,Shermy,sreefg5@va.gov,2,03/16/1999
583,Arlan,agaspardg6@aol.com,3,01/29/1991
584,Rickey,rcarlettog7@ted.com,2,06/08/1998
585,Ashlen,aruckmang8@mashable.com,2,12/19/1994
586,Cob,cguerrierog9@list-manage.com,3,12/04/1998
587,Ruprecht,rsaltsbergerga@lycos.com,3,11/29/1990
588,Darill,drelfegb@nasa.gov,3,03/24/1991
589,Skipton,spearngc@histats.com,2,06/10/1993
590,Jasmina,jborellgd@wordpress.com,1,06/29/1999
591,Stefania,slovickge@howstuffworks.com,1,11/12/1990
592,Bettine,bcubleygf@accuweather.com,1,09/04/1994
593,Barbara-anne,bsolanogg@exblog.jp,1,11/30/1992
594,Samuel,spendletongh@yahoo.co.jp,2,07/21/1995
595,Mycah,myoskowitzgi@elpais.com,2,06/10/1996
596,Klarika,krisinggj@google.co.jp,2,05/12/1998
597,Shirl,smeesgk@bizjournals.com,1,07/02/1999
598,Andrey,aoakdengl@cam.ac.uk,2,08/14/1997
599,Kassia,kgatcliffgm@webs.com,3,10/05/1998
600,Blythe,biglesiasgn@whitehouse.gov,1,02/14/2000
601,Laughton,lheathfieldgo@pinterest.com,1,10/23/1995
602,Barret,balugp@ovh.net,3,11/01/1991
603,Bay,bcuolahangq@weibo.com,3,04/26/1998
604,Giuseppe,gkroutgr@vinaora.com,1,07/12/1990
605,Phylys,pnewvellgs@thetimes.co.uk,1,12/17/1991
606,Livia,leayrsgt@sogou.com,3,07/03/1991
607,Anabella,acamblegu@patch.com,1,08/31/1993
608,Calvin,cbailiegv@dagondesign.com,3,02/18/1993
609,George,gschoolcroftgw@tumblr.com,2,11/15/1994
610,Josey,jwhiffengx@creativecommons.org,1,01/20/1993
611,Bald,btorrentgy@prlog.org,3,03/09/1995
612,Toma,tthewgz@geocities.com,1,08/07/1998
613,Shannan,sjanaszkiewiczh0@archive.org,3,04/03/1993
614,Kimbra,kpetegreeh1@jigsy.com,3,05/12/1994
615,Averil,aguiduccih2@cisco.com,1,02/14/1999
616,Rochell,rshallh3@house.gov,2,11/16/1992
617,Licha,lmattiolih4@kickstarter.com,2,01/27/1998
618,Diandra,dpatronoh5@hud.gov,2,12/13/1996
619,Opaline,obalserh6@ed.gov,2,05/09/1990
620,Case,cbontineh7@sfgate.com,1,09/29/1995
621,Belva,bpawelsh8@intel.com,3,11/22/1994
622,Koo,ksherrotth9@e-recht24.de,3,04/21/1992
623,Eldon,egoodbarha@devhub.com,1,11/03/1994
624,Ranique,rfilippyevhb@123-reg.co.uk,1,08/30/1993
625,Abbie,alaileyhc@technorati.com,3,08/31/1998
626,Hogan,hleybornehd@blogspot.com,2,02/13/1998
627,Quintus,qwaldenhe@scribd.com,2,06/28/1990
628,Tallulah,tkilianhf@liveinternet.ru,3,12/05/1997
629,Zabrina,zricketshg@naver.com,3,07/11/1998
630,Tally,thaggiehh@elegantthemes.com,2,05/12/1991
631,Paquito,pcroosehi@opensource.org,1,09/23/1998
632,Hartwell,hbarberahj@epa.gov,1,08/17/1994
633,Frasquito,fmissendenhk@hostgator.com,2,01/31/1991
634,Marni,mgemsonhl@zimbio.com,2,02/01/1991
635,Jessie,jphilippethm@businessweek.com,2,06/02/1991
636,Alana,awillmettshn@addthis.com,2,07/02/1998
637,Odey,otickleho@amazonaws.com,1,07/24/1999
638,Camellia,cbendanhp@people.com.cn,3,05/06/1992
639,Vittoria,vschwandthq@springer.com,2,05/01/1999
640,Goldie,gteaseyhr@yolasite.com,2,06/11/1995
641,Hetti,hpetersonhs@paypal.com,1,07/05/1999
642,Lorianna,lcanedoht@army.mil,3,04/08/1996
643,Emmey,epatelhu@statcounter.com,3,06/15/1997
644,Marie,mgaihv@huffingtonpost.com,2,08/20/1999
645,Bradley,bsanchezhw@trellian.com,2,05/03/1998
646,Roderigo,rmellowshx@globo.com,1,12/25/1994
647,Bennett,bchristoforhy@illinois.edu,3,04/02/1990
648,Elijah,epottenhz@amazon.co.uk,1,12/10/1997
649,Darcee,dpothburyi0@sourceforge.net,3,04/24/1997
650,Martha,mmulqueenyi1@uiuc.edu,2,07/30/1999
651,Shandee,shumpheryi2@webnode.com,1,08/15/1993
652,Janella,jmarplesi3@nasa.gov,3,05/23/1992
653,Jo-ann,jkeymari4@epa.gov,1,10/22/1993
654,Yank,yburtonshawi5@furl.net,3,10/01/1996
655,Alfi,aheerani6@unesco.org,2,10/26/1993
656,Bette-ann,bskelbecki7@mtv.com,3,07/11/1995
657,Alyosha,aboisei8@psu.edu,2,02/17/1993
658,Lindsay,leaglestonei9@typepad.com,2,03/01/1993
659,Beauregard,bleabeateria@privacy.gov.au,2,07/03/1991
660,Ingaberg,iburkinib@cnbc.com,2,01/26/1993
661,Rasla,rpfeifferic@latimes.com,2,07/21/1993
662,Peyton,pkynanid@jimdo.com,1,08/07/1996
663,Agata,arizzoneie@about.com,3,10/04/1996
664,Rollin,rhowseif@economist.com,2,06/27/1998
665,Colene,cbrunelig@answers.com,2,07/13/1991
666,Bordy,brushtonih@nydailynews.com,3,04/06/1991
667,Raf,rmustinii@typepad.com,2,03/29/1990
668,Cookie,chadwenij@apple.com,2,05/12/1991
669,Dulcinea,dlepiscopiik@dot.gov,2,01/12/1996
670,Jeramey,jdorninil@discuz.net,2,05/25/1990
671,Rhianna,rgarfootim@youtu.be,1,02/02/1998
672,Harp,heskriggein@prweb.com,1,06/15/1991
673,Constantia,ctytheio@seattletimes.com,3,07/16/1995
674,Zaneta,zcrumbleholmeip@google.com.hk,3,06/08/1994
675,Cornie,cthiemeiq@google.com.br,3,09/14/1991
676,Alberik,abulcockir@comcast.net,3,07/23/1994
677,Marmaduke,mconichieis@stumbleupon.com,2,11/09/1993
678,Ailee,aogilbyit@istockphoto.com,3,02/06/2000
679,Paulita,pnolliiu@paginegialle.it,2,03/25/1990
680,Janel,jdanielskiiv@china.com.cn,1,07/25/1998
681,Emmi,ewalthalliw@wp.com,1,11/07/1996
682,Mohammed,mdreinanix@bizjournals.com,3,06/15/1992
683,Rabi,rpollastrinoiy@stumbleupon.com,3,09/27/1990
684,Starr,seslieiz@boston.com,2,09/27/1991
685,Rock,rscownj0@vk.com,2,12/05/1995
686,Hughie,hmaccallumj1@hc360.com,1,09/01/1995
687,Shannen,sconnellj2@harvard.edu,2,05/06/1995
688,Jaquelin,jtassellj3@bandcamp.com,3,11/03/1997
689,Augy,asallissj4@weibo.com,2,12/04/1994
690,Chaddie,cknaptonj5@adobe.com,2,10/27/1991
691,Estelle,ekopecj6@vk.com,3,01/28/1991
692,Zahara,zturonej7@walmart.com,2,08/08/1998
693,Alphonso,acortonj8@army.mil,2,08/26/1990
694,Budd,bavraamj9@apple.com,3,03/20/1994
695,Hodge,hpryorja@linkedin.com,2,10/20/1993
696,Killie,kpaydonjb@pcworld.com,2,11/11/1998
697,Quintin,qstarmorejc@nydailynews.com,3,07/18/1999
698,Bastien,bdebrettjd@npr.org,2,04/03/1992
699,Anastasie,aoxbieje@accuweather.com,2,03/29/1998
700,Armand,alantejf@51.la,1,05/15/1992
701,Phelia,pjoselinjg@wisc.edu,1,08/19/1994
702,Artus,agolagleyjh@adobe.com,2,05/27/1996
703,Jobina,jvamplersji@github.io,2,10/10/1992
704,Susanetta,sshelveyjj@imgur.com,1,02/29/1992
705,Sybil,sbarnewelljk@discovery.com,2,08/07/1992
706,Jarrod,jpenellajl@goo.ne.jp,3,02/06/1994
707,Lee,lbeakjm@yellowpages.com,2,12/31/1995
708,Saidee,sstrikejn@lycos.com,3,04/19/1995
709,Ladonna,lrhodefjo@vk.com,2,11/19/1996
710,Asa,aslarkejp@clickbank.net,3,06/26/1991
711,Melina,mkubikjq@yandex.ru,3,10/02/1991
712,Rani,rsouthbyjr@gravatar.com,1,02/10/1998
713,Jeffy,jborlessjs@ovh.net,3,10/19/1997
714,Saundra,sleacockjt@census.gov,3,03/15/1991
715,Mayne,mdelveju@technorati.com,2,12/17/1998
716,Laurella,lmacavddyjv@fastcompany.com,2,03/15/1991
717,Deana,dtromansjw@java.com,2,08/05/1998
718,Claire,ccamblejx@amazonaws.com,3,04/14/1996
719,Pepita,psuddelljy@home.pl,3,01/11/1994
720,Erena,egrasonjz@cdc.gov,3,01/26/1999
721,Kalle,klamonbyk0@hibu.com,3,04/03/1995
722,Atlante,afulhamk1@woothemes.com,2,10/25/1993
723,Martita,mnundk2@opensource.org,1,11/29/1992
724,Ingeborg,ifarrank3@etsy.com,3,02/21/1998
725,Jaime,jmiskenk4@java.com,2,08/18/1992
726,Lynnette,lbatesk5@hostgator.com,1,10/12/1999
727,Gasparo,gmichellk6@soup.io,2,03/03/1995
728,Thedric,tmcgilvrayk7@so-net.ne.jp,3,03/13/1992
729,Ariella,ahaxleyk8@ebay.co.uk,3,09/22/1993
730,Clem,chirschmannk9@nasa.gov,1,01/06/1993
731,Adria,aglendzaka@unicef.org,1,08/31/1992
732,Pattin,pblowerkb@prnewswire.com,1,04/07/1998
733,Tony,twilsdonkc@cafepress.com,3,01/10/1993
734,Gilberte,gcourtliffkd@hc360.com,3,05/10/1993
735,Stanton,svazke@lycos.com,1,02/17/1998
736,Eddy,emolenkf@dmoz.org,1,05/13/1996
737,Lona,lwalderkg@rambler.ru,2,01/23/1997
738,Junette,jwillowbykh@yelp.com,3,04/05/1997
739,Hal,hridouttki@google.ca,3,01/31/1991
740,Symon,shugettkj@telegraph.co.uk,1,06/25/1991
741,Ali,aniscokk@delicious.com,1,02/13/1999
742,Harris,hcapnorkl@macromedia.com,2,07/21/1991
743,Katrine,khowcroftkm@icio.us,1,08/27/1998
744,Son,schristalkn@indiatimes.com,2,02/20/1992
745,Joanne,jwestbergko@berkeley.edu,3,05/10/1993
746,Car,csmittonkp@arstechnica.com,3,05/26/1995
747,Silvano,sfolliottkq@howstuffworks.com,1,07/13/1997
748,Josey,jreglerkr@naver.com,2,02/19/1991
749,Dietrich,dpapworthks@cisco.com,1,06/27/1997
750,Rene,rmccuddenkt@jugem.jp,1,07/08/1998
751,Cecily,ckorfku@joomla.org,3,05/19/1996
752,Poul,pirnyskv@artisteer.com,2,11/29/1997
753,Ricard,rbeattykw@paypal.com,1,12/20/1992
754,Torey,tsalandinokx@eventbrite.com,1,05/19/1995
755,Renault,radnamky@bloomberg.com,3,04/03/1997
756,Lizette,llamiekz@tripod.com,3,11/15/1991
757,Roze,rbeesonl0@clickbank.net,2,08/04/1990
758,Aleksandr,azamoranol1@businessweek.com,3,11/04/1998
759,Eileen,ekopl2@free.fr,1,08/16/1998
760,Omero,olipscombl3@topsy.com,3,12/16/1997
761,Kelley,kmahonyl4@deviantart.com,3,06/25/1991
762,Minette,mhaydenl5@dot.gov,1,11/27/1997
763,Kipp,kvanderkruisl6@columbia.edu,1,11/15/1996
764,Leanora,lmcgrathl7@dyndns.org,2,09/01/1996
765,Christin,cseilerl8@va.gov,3,06/25/1991
766,Hinda,hchatelainl9@imgur.com,2,11/27/1996
767,Layney,lfrierla@java.com,3,11/25/1999
768,Meghan,mduckfieldlb@cnet.com,2,09/02/1997
769,Scot,sweadicklc@engadget.com,3,07/10/1996
770,Jehu,jomannionld@archive.org,3,03/28/1990
771,Carolyne,ccettellle@wsj.com,1,02/18/1998
772,Lonny,lnellf@symantec.com,1,02/08/1996
773,Hobey,hcunahlg@accuweather.com,2,04/19/1999
774,Ted,tsargantlh@fda.gov,2,07/06/1999
775,Steven,severwinli@cdc.gov,2,03/20/1992
776,Arlen,aminshawlj@telegraph.co.uk,2,03/09/1992
777,Tracy,trigollelk@facebook.com,2,02/24/1996
778,Dora,dmcnamarall@blogspot.com,3,08/02/1997
779,Jerrie,jcahernylm@youtube.com,3,03/01/1998
780,Peterus,ppirkisln@artisteer.com,1,06/01/1997
781,Norton,npiperleylo@netvibes.com,3,10/13/1996
782,Osmond,ocoltonlp@elpais.com,2,03/30/1994
783,Fax,flindmanlq@odnoklassniki.ru,3,09/09/1992
784,Agnesse,atricelr@nifty.com,2,09/08/1996
785,Sherwin,sbotterillls@umich.edu,2,12/19/1999
786,Darice,dwarrenlt@webnode.com,1,01/24/1993
787,Lesley,lhealeylu@dot.gov,1,12/23/1998
788,Tonye,tlampllv@vistaprint.com,2,11/22/1995
789,Wain,wrosenbaumlw@si.edu,2,08/26/1991
790,Kimberlyn,kcartnerlx@google.es,1,11/25/1998
791,Talia,transonly@geocities.jp,1,12/29/1994
792,Daffi,dsweetlovelz@webeden.co.uk,3,04/01/1991
793,Isacco,igeneverm0@whitehouse.gov,3,05/25/1995
794,Misty,mmacellenm1@xrea.com,1,07/17/1990
795,Micaela,mlovelessm2@pen.io,2,02/02/2000
796,Marshal,msinkinsonm3@phoca.cz,1,10/05/1993
797,Gasparo,gliccardom4@google.fr,3,08/28/1997
798,Sheffy,slabronem5@ucsd.edu,3,08/05/1990
799,Kirsteni,klautiem6@biglobe.ne.jp,2,01/19/1996
800,Colver,cgrattenm7@google.pl,2,08/11/1992
801,Teena,tyakebovichm8@uol.com.br,1,11/13/1991
802,Charissa,cwhathamm9@sina.com.cn,2,07/18/1999
803,Connie,cpalkema@blogs.com,3,05/10/1991
804,Netty,nripingmb@w3.org,2,01/15/1994
805,Aubree,agreslymc@shareasale.com,3,06/23/1993
806,Samson,scoltenmd@artisteer.com,1,07/28/1997
807,Ara,aknowllerme@sciencedaily.com,2,12/12/1999
808,Nelle,ndixseemf@gmpg.org,2,03/24/1994
809,Lorrayne,lvampouillemg@cocolog-nifty.com,1,05/05/1997
810,Tabitha,tlernermh@walmart.com,1,11/12/1999
811,Thadeus,tmarlingmi@domainmarket.com,3,02/20/1992
812,Crystal,cludmanmj@cyberchimps.com,2,07/11/1994
813,Mitchell,mtinkermk@mtv.com,3,02/09/1999
814,Roosevelt,rbelchamml@merriam-webster.com,1,03/04/1997
815,Carmine,cgrangiermm@123-reg.co.uk,3,09/01/1999
816,Zackariah,zlaugheranemn@amazon.de,1,09/03/1996
817,Lovell,lnorgatemo@canalblog.com,2,10/04/1991
818,Muriel,mgainsfordmp@independent.co.uk,2,07/30/1998
819,Andras,aimpsonmq@deviantart.com,3,07/15/1999
820,Deny,dballaymr@army.mil,2,09/04/1992
821,Kati,kclaeskensms@auda.org.au,1,03/11/1999
822,Samuele,skaganmt@discovery.com,3,12/20/1990
823,Locke,lflatleymu@google.com.hk,2,01/21/1998
824,Jenifer,jyukhnovmv@admin.ch,3,07/19/1992
825,Rochelle,rmckeaveneymw@arizona.edu,1,03/19/1994
826,Annnora,acrundenmx@last.fm,1,02/15/1997
827,Ronni,relsdonmy@list-manage.com,2,11/10/1993
828,Etty,edufairemz@ucoz.ru,3,01/22/1999
829,Penny,pjirickn0@walmart.com,1,08/09/1992
830,Erhard,eabatellin1@alibaba.com,3,12/30/1994
831,Arabelle,akinseyn2@omniture.com,1,03/28/1996
832,Tracey,tsherbornen3@e-recht24.de,3,10/23/1993
833,Ulrika,uzamudion4@hao123.com,2,01/13/1994
834,Lewie,lphilliskirkn5@hp.com,3,06/21/1991
835,Lauree,lexelbyn6@google.cn,1,01/26/1991
836,Ferd,fsloyann7@networkadvertising.org,2,07/24/1995
837,Fifi,fkornousekn8@technorati.com,2,07/02/1998
838,Kamillah,kgeffingern9@cbsnews.com,3,01/26/1992
839,Marleen,mwilmutna@over-blog.com,2,04/24/1993
840,Peria,pcolumbellnb@digg.com,1,12/09/1990
841,Alick,agleavenc@apple.com,2,01/02/1999
842,Jessey,jspybynd@timesonline.co.uk,1,12/06/1999
843,Jeffy,jtrowlne@cbsnews.com,1,08/15/1993
844,Chryste,cewannf@pen.io,2,07/02/1994
845,Heinrick,hbesseyng@ocn.ne.jp,1,10/06/1991
846,Quincy,qlamplnh@arizona.edu,2,07/06/1990
847,Patsy,pmallabyni@shinystat.com,3,08/14/1990
848,Wyatt,wcassedynj@princeton.edu,1,09/25/1998
849,Constantine,cradbonenk@admin.ch,3,02/15/1991
850,Desirae,dmcclarennl@comsenz.com,3,04/19/1997
851,Jandy,jthownm@discovery.com,2,05/22/1995
852,Spenser,salfonsininn@google.com,1,05/06/1991
853,Bibi,bhethronno@bravesites.com,2,08/08/1994
854,Carmelia,cgillingnp@addthis.com,3,12/24/1994
855,Mirabel,mfleschernq@alexa.com,1,02/04/1992
856,Nat,ngivenr@stanford.edu,3,06/15/1995
857,Lolita,lseelerns@toplist.cz,1,11/22/1996
858,Kaela,kbayleynt@ibm.com,3,12/26/1992
859,Hyacinthie,hguynemernu@umich.edu,2,04/26/1996
860,Mano,mdudbridgenv@alibaba.com,1,04/25/1991
861,Avram,asartonnw@de.vu,1,09/19/1992
862,Rory,rsnelsonnx@rediff.com,2,04/15/1994
863,Allx,acarseny@reference.com,3,05/22/1992
864,Rena,rdeverilnz@csmonitor.com,3,06/16/1991
865,Joan,jjendricho0@indiatimes.com,3,05/23/1997
866,Edna,esingletono1@miitbeian.gov.cn,2,03/05/1994
867,Lorelei,lardlingo2@addtoany.com,3,04/13/1994
868,Kali,kdenisyevo3@mac.com,1,03/13/1997
869,Dev,dbrookeso4@fastcompany.com,3,10/17/1997
870,Ernestus,epellissiero5@linkedin.com,1,08/05/1998
871,Patrice,pharbyo6@vinaora.com,1,02/23/1996
872,Nelia,noakmano7@chicagotribune.com,3,03/14/1999
873,Konstanze,khayleo8@java.com,2,01/15/1999
874,Richmound,rmaccorleyo9@deviantart.com,3,11/26/1993
875,Peder,pgeneseoa@baidu.com,1,03/06/1996
876,Ardene,asiudaob@techcrunch.com,1,04/12/1994
877,Kerrill,krayneoc@patch.com,1,02/01/1993
878,Mary,mboarerod@tumblr.com,1,06/02/1993
879,Legra,lfurmanoe@nydailynews.com,3,05/09/1999
880,Maye,mscrauniageof@mtv.com,3,02/05/1994
881,Heywood,hflemmichog@gnu.org,2,07/30/1992
882,Stevena,smagrannelloh@cpanel.net,1,07/05/1992
883,Mariana,mthumannoi@freewebs.com,2,08/30/1990
884,Lucille,lheggadonoj@google.pl,1,02/11/1997
885,Garv,gremerok@dailymail.co.uk,3,02/06/1998
886,Irwinn,iquinnellol@wufoo.com,1,01/25/2000
887,Lyn,laspitalom@state.gov,3,03/10/1993
888,Cassy,cdimitrieon@ycombinator.com,2,05/07/1996
889,Pattie,ptaverneroo@washington.edu,3,04/09/1992
890,Lynnea,lgoldsop@aboutads.info,1,12/28/1999
891,Charline,cloughoq@nifty.com,3,01/28/1997
892,Skyler,solneyor@meetup.com,2,12/24/1998
893,Edythe,ecrockettos@google.co.uk,1,08/30/1994
894,Jami,jwillingamot@census.gov,3,02/11/1993
895,Babbette,bradkiou@marriott.com,2,08/14/1998
896,Annie,aclaydenov@sakura.ne.jp,1,04/15/1990
897,Lutero,lcudmoreow@microsoft.com,1,05/21/1997
898,Bord,bjewelox@deliciousdays.com,1,09/19/1990
899,Sibelle,slackintonoy@google.nl,3,06/06/1993
900,Mufi,mmaldenoz@independent.co.uk,3,11/12/1991
901,Carmon,csygrovep0@jigsy.com,1,07/03/1992
902,Elisabet,eosbornep1@pcworld.com,2,03/23/1996
903,Evie,estrathmanp2@amazon.co.jp,3,09/08/1991
904,Max,mtardiffp3@tuttocitta.it,1,08/14/1996
905,Chauncey,cmarshallsayp4@chronoengine.com,2,07/01/1997
906,Avigdor,aearlp5@scientificamerican.com,3,10/24/1995
907,Ginny,gpaffleyp6@clickbank.net,2,04/19/1992
908,Ilaire,ibittlestonep7@latimes.com,1,01/26/1998
909,Ella,ematzkep8@soundcloud.com,2,08/29/1993
910,Lonnard,ldrinkeldp9@geocities.com,3,12/21/1996
911,Morna,mjanderapa@github.io,2,04/14/1994
912,Glenden,ggulliverpb@cbslocal.com,2,01/02/2000
913,Julina,jgonneaupc@storify.com,3,07/18/1994
914,Nicolina,nfearspd@livejournal.com,3,03/08/1990
915,Svend,scamblingpe@about.com,2,01/05/2000
916,Sonnie,sskynnerpf@fastcompany.com,2,06/13/1990
917,Barris,bdrinkalepg@w3.org,3,05/25/1996
918,Delmor,dhalladph@businesswire.com,1,03/30/1993
919,Selma,shatfullpi@loc.gov,3,04/28/1992
920,Sandie,scambridgepj@nymag.com,3,04/20/1997
921,Alla,alambertipk@i2i.jp,2,10/22/1996
922,Judi,jwillmettspl@hc360.com,1,01/19/1999
923,Peggy,pgimblettpm@sbwire.com,2,01/10/1994
924,Caryl,cempletonpn@addthis.com,3,11/04/1997
925,Meris,myerrellpo@si.edu,3,12/24/1994
926,Northrup,nschruurspp@merriam-webster.com,1,10/07/1998
927,Rikki,rmatzkaitispq@google.com.hk,1,05/01/1997
928,Marigold,mfarryannpr@godaddy.com,1,10/31/1994
929,Aubrey,ahelliwellps@devhub.com,3,01/27/1992
930,Dasie,dcisecpt@go.com,1,03/16/1996
931,Abbye,aguiderapu@ehow.com,1,12/01/1995
932,Rhodie,rraithbiepv@yelp.com,1,06/04/1996
933,Devina,dpeacoppw@wp.com,1,02/16/1995
934,Penni,pgalbreathpx@oaic.gov.au,2,12/31/1998
935,Emery,edonwellpy@w3.org,2,01/11/1997
936,Jacqui,jkearypz@apache.org,2,01/06/1999
937,Lilli,lsuddabyq0@eventbrite.com,2,09/24/1994
938,Anselm,awaistellq1@sogou.com,3,09/27/1992
939,Lindy,ltinkq2@comsenz.com,2,06/21/1994
940,Shina,smaccaffertyq3@zdnet.com,1,01/07/1992
941,Janey,jtollowq4@examiner.com,2,06/13/1998
942,Horatius,hpauletq5@microsoft.com,3,11/21/1998
943,Gerhard,gfoggq6@blogspot.com,3,10/26/1997
944,Bell,browstonq7@nymag.com,2,09/01/1996
945,Dennet,dmonanq8@ustream.tv,1,09/14/1996
946,Vite,vcratq9@dot.gov,3,10/11/1993
947,Thomasina,tgreceqa@123-reg.co.uk,2,02/06/1998
948,Lyn,lcootqb@youtube.com,2,05/07/1992
949,Pren,pdendleqc@chron.com,1,04/14/1996
950,Charlton,cjouleqd@huffingtonpost.com,3,10/18/1994
951,Orelie,ojakubovskiqe@last.fm,3,02/21/1997
952,Fanchon,febbingsqf@linkedin.com,1,01/20/1998
953,Sukey,sdunbabinqg@stumbleupon.com,1,09/27/1999
954,Fayre,fsterricksqh@cocolog-nifty.com,1,07/09/1994
955,Laurent,lfuenteqi@thetimes.co.uk,3,04/01/1994
956,Ellwood,epaffordqj@sakura.ne.jp,2,07/26/1997
957,Marten,mhagardqk@nbcnews.com,2,04/27/1999
958,Link,lmckellenql@twitter.com,2,09/14/1998
959,Franny,fdrewetqm@geocities.jp,2,07/22/1993
960,Scot,sivanyushinqn@nymag.com,3,02/04/1992
961,Keenan,kheffernonqo@dedecms.com,3,11/03/1993
962,Deane,dhuertasqp@jimdo.com,2,04/24/1990
963,Fredi,fshaddockqq@youku.com,1,08/03/1997
964,Doro,djenkisonqr@last.fm,2,05/12/1992
965,Clementius,cdaelmanqs@ed.gov,2,08/03/1991
966,Amitie,acolbyqt@europa.eu,1,07/01/1990
967,Eran,ebrimmacombequ@paginegialle.it,1,09/06/1996
968,Johanna,jsaywellqv@opensource.org,2,03/25/1991
969,Goldia,gbouzekqw@apache.org,2,10/08/1990
970,Hunfredo,hvasilicqx@dmoz.org,3,03/25/1991
971,Zabrina,zmudgeqy@hugedomains.com,3,06/23/1991
972,Jolie,jcampsallqz@plala.or.jp,2,03/20/1992
973,Chase,cdarnellr0@netlog.com,2,11/05/1998
974,Flo,fguerrieror1@soundcloud.com,1,08/19/1995
975,Merilyn,mlyddonr2@webs.com,1,01/07/1999
976,Riannon,rtripletr3@dailymotion.com,1,10/07/1994
977,Fleur,fpassor4@indiatimes.com,1,04/20/1995
978,Godart,gstollenr5@illinois.edu,1,11/15/1994
979,Marcelline,mmedewayr6@ebay.com,3,08/30/1997
980,Braden,bpedror7@moonfruit.com,3,07/15/1993
981,Gertie,gbennionr8@booking.com,3,05/11/1992
982,Hillary,hcharkhamr9@wikipedia.org,1,02/18/1993
983,Thomasin,tcraydonra@nytimes.com,1,12/31/1997
984,Early,ekillingbackrb@ft.com,3,02/25/1996
985,Mozes,mseverwrightrc@wufoo.com,2,01/03/1991
986,Niles,ncaplanrd@odnoklassniki.ru,3,10/23/1994
987,Veronike,vrakesre@imdb.com,2,02/10/1996
988,Wallace,wpuviarf@networksolutions.com,3,01/14/1992
989,Xaviera,xgillicerg@twitter.com,2,06/23/1992
990,Magda,mfeldhuhnrh@webmd.com,3,02/07/1996
991,Felecia,fbrauntonri@ow.ly,1,06/23/1990
992,Barnabas,bplowmanrj@fda.gov,1,08/11/1998
993,Jerry,jambrogiottirk@google.cn,3,04/28/1997
994,Briny,bmeffanrl@pbs.org,1,01/09/1996
995,Issiah,iarmatidgerm@tumblr.com,1,12/11/1999
996,Ermentrude,emyhillrn@apple.com,2,06/29/1992
997,Mireille,mnaerupro@usatoday.com,2,01/18/1997
998,Amalea,apottingerrp@intel.com,1,07/18/1994
999,Lindsey,lroysonrq@yandex.ru,2,03/29/1992
1000,Nancey,nwaldramrr@ca.gov,2,02/27/1991
